{
  "GG250820000029": {
    "name": "去核桂圆肉（3kg/袋）",
    "coef": 1.2,
    "weight": 16.25,
    "volume": 0.047386
  },
  "GG250915000023": {
    "name": "金色小勺（500个/包）",
    "coef": 1.0,
    "weight": 10.0,
    "volume": 0.04875
  },
  "GG250924000132": {
    "name": "起酥绿豆饼（60枚/包）",
    "coef": 1.0,
    "weight": 10.5,
    "volume": 0.02807136
  },
  "GG250630000267": {
    "name": "银色大勺（1000个/包）",
    "coef": 1.0,
    "weight": 16.55,
    "volume": 0.03948
  },
  "GG250905000066": {
    "name": "冰鲜花胶定制款（1KG/袋）",
    "coef": 1.0,
    "weight": 5.8025,
    "volume": 0.07128
  },
  "GG250630000261": {
    "name": "金色小勺（1000个/包）",
    "coef": 1.2,
    "weight": 20.0,
    "volume": 0.041184
  },
  "GG250630000108": {
    "name": "银耳（500g/包）",
    "coef": 2.0,
    "weight": 4.65,
    "volume": 0.08748
  },
  "GG250627000180": {
    "name": "冰糖糖浆（2.5kg/罐）",
    "coef": 1.2,
    "weight": 20.5,
    "volume": 0.02835
  },
  "GG250903000242": {
    "name": "无纺布铝箔袋（500个/包）",
    "coef": 1.0,
    "weight": 16.8,
    "volume": 0.1104
  },
  "GG250628000070": {
    "name": "烤梨（850g/罐，12罐/箱）",
    "coef": 1.0,
    "weight": 10.2,
    "volume": 0.018228
  },
  "GG250723000032": {
    "name": "专用燕窝机（两个内胆）",
    "coef": 1.0,
    "weight": 2.05,
    "volume": 0.01768
  },
  "GG250630000155": {
    "name": "枸杞（500g/包)",
    "coef": 1.2,
    "weight": 11.2,
    "volume": 0.051912
  },
  "GG250630000079": {
    "name": "缤纷三色大芋圆（2斤/包）",
    "coef": 1.0,
    "weight": 20.0,
    "volume": 0.038
  },
  "GG250630000233": {
    "name": "一次性湿巾(1000片/箱）",
    "coef": 1.0,
    "weight": 3.95,
    "volume": 0.023296
  },
  "GG250630000075": {
    "name": "复合阿胶粉（500g/包）",
    "coef": 1.0,
    "weight": 13.6,
    "volume": 0.03024
  },
  "GG250706000087": {
    "name": "【白卡纸】手提袋（500个/包）",
    "coef": 1.0,
    "weight": 27.5,
    "volume": 0.099792
  },
  "GG250630000153": {
    "name": "莲子（1KG/袋）",
    "coef": 1.0,
    "weight": 13.0,
    "volume": 0.033696
  },
  "GG250630000154": {
    "name": "去核桂圆肉（1kg/包）",
    "coef": 1.2,
    "weight": 16.25,
    "volume": 0.0467625
  },
  "GG250630000159": {
    "name": "50ml燕窝瓶（144个/箱）",
    "coef": 1.0,
    "weight": 17.55,
    "volume": 0.032536
  },
  "GG250704000238": {
    "name": "50ml燕窝瓶盖（500个/箱）",
    "coef": 1.0,
    "weight": 1.5,
    "volume": 0.014784
  },
  "GG250704000239": {
    "name": "100ml燕窝瓶盖（500个/箱）",
    "coef": 1.0,
    "weight": 3.0,
    "volume": 0.022134
  },
  "GG250630000238": {
    "name": "暖贴（300片/箱）",
    "coef": 1.0,
    "weight": 13.5,
    "volume": 0.038304
  },
  "GG250704000237": {
    "name": "糖水瓶盖（1000个/箱）",
    "coef": 1.2,
    "weight": 11.0,
    "volume": 0.05499
  },
  "GG250812000089": {
    "name": "标签贴",
    "coef": 1.0,
    "weight": 0.85,
    "volume": 0.029184
  },
  "GG250626000105": {
    "name": "大号葡式蛋挞皮·开酥（30个/包）",
    "coef": 1.0,
    "weight": 6.0,
    "volume": 0.029376
  },
  "GG250712000036": {
    "name": "椰香燕麦燕窝粥（45碗/箱）",
    "coef": 1.0,
    "weight": 11.0,
    "volume": 0.0262912
  },
  "GG250626000104": {
    "name": "蛋挞液454g/瓶",
    "coef": 1.0,
    "weight": 10.9,
    "volume": 0.018032
  },
  "GG250712000035": {
    "name": "黑米牛奶燕窝粥（45碗/箱）",
    "coef": 1.0,
    "weight": 11.0,
    "volume": 0.0262912
  },
  "GG250626000107": {
    "name": "谷益多原料包",
    "coef": 1.0,
    "weight": 9.0,
    "volume": 0.02601
  },
  "GG250630000083": {
    "name": "原味糯米小丸子（2斤/包）",
    "coef": 1.0,
    "weight": 20.0,
    "volume": 0.040698
  },
  "GG250630000160": {
    "name": "100ml燕窝瓶（80个/箱）",
    "coef": 1.0,
    "weight": 16.65,
    "volume": 0.03164175
  },
  "GG250626000106": {
    "name": "菲诺厚椰乳",
    "coef": 1.0,
    "weight": 12.5,
    "volume": 0.0144
  },
  "GG250717000056": {
    "name": "宫小燕米酒",
    "coef": 1.0,
    "weight": 7.0,
    "volume": 0.01202025
  },
  "GG250626000108": {
    "name": "黑芝麻饼",
    "coef": 1.0,
    "weight": 9.6,
    "volume": 0.028424
  },
  "GG250712000039": {
    "name": "现炖燕窝礼盒包装（20套/箱）",
    "coef": 1.0,
    "weight": 8.15,
    "volume": 0.097216
  },
  "GG250712000038": {
    "name": "桃胶（500g/包,5包/箱）",
    "coef": 1.0,
    "weight": 0,
    "volume": 0
  },
  "GG250712000037": {
    "name": "杨枝甘露燕窝粥（45碗/箱）",
    "coef": 1.0,
    "weight": 11.0,
    "volume": 0.0262912
  },
  "GG250626000110": {
    "name": "榴莲酥",
    "coef": 1.0,
    "weight": 6.4,
    "volume": 0.0391
  },
  "GG250626000109": {
    "name": "红皮花生米",
    "coef": 1.0,
    "weight": 12.5,
    "volume": 0.0303955
  },
  "GG250626000112": {
    "name": "鲜花饼",
    "coef": 1.0,
    "weight": 9.6,
    "volume": 0.03505775
  },
  "GG250706000013": {
    "name": "500ml糖水瓶（72个/箱）",
    "coef": 1.0,
    "weight": 20.2,
    "volume": 0.073359
  },
  "GG250626000111": {
    "name": "起酥老婆饼60枚/包",
    "coef": 1.0,
    "weight": 9.6,
    "volume": 0.0289275
  },
  "GG250706000012": {
    "name": "300ml糖水瓶（96个/箱）",
    "coef": 1.0,
    "weight": 20.1,
    "volume": 0.0663
  },
  "GG250626000114": {
    "name": "蛋挞液 （907g/盒）",
    "coef": 1.0,
    "weight": 11.0,
    "volume": 0.0186
  },
  "GG250626000113": {
    "name": "石蜂糖",
    "coef": 1.2,
    "weight": 13.1,
    "volume": 0.05883
  },
  "GG250731000155": {
    "name": "糖条(3g/条*1000条/包)",
    "coef": 1.0,
    "weight": 10.85,
    "volume": 0.0336
  },
  "GG250701000190": {
    "name": "糖条(500条/包)",
    "coef": 1.0,
    "weight": 7.0,
    "volume": 0.042
  },
  "GG250712000083": {
    "name": "姜红糖（500g/包,5包/袋）",
    "coef": 1.0,
    "weight": 13.45,
    "volume": 0.037128
  },
  "GG250712000081": {
    "name": "桃胶（1kg/包，3包/袋）",
    "coef": 1.0,
    "weight": 9.74,
    "volume": 0.0245985
  },
  "GG250705000004": {
    "name": "宫小燕高低口魔术贴袋16.8kg（无纺布手提袋500个/包）",
    "coef": 2.0,
    "weight": 16.4,
    "volume": 0.091872
  },
  "GG250712000086": {
    "name": "红糖块（500g/包，5包/袋）",
    "coef": 1.0,
    "weight": 2.5,
    "volume": 0.0357
  },
  "GG250712000041": {
    "name": "烘焙纸盒(500个/包)",
    "coef": 1.0,
    "weight": 8.9,
    "volume": 0.030459
  },
  "GG250712000040": {
    "name": "冻干桂花（50g/罐）",
    "coef": 1.0,
    "weight": 1.0,
    "volume": 0.03813
  },
  "GG250627000035": {
    "name": "君乐宝纯牛奶",
    "coef": 1.0,
    "weight": 12.0,
    "volume": 0.01292
  },
  "GG250701000245": {
    "name": "一级去核红枣（20斤/箱）",
    "coef": 1.0,
    "weight": 10.82,
    "volume": 0.03355
  },
  "GG250630000053": {
    "name": "立炖燕窝免挑毛(30盒/箱)",
    "coef": 1.0,
    "weight": 1.9,
    "volume": 0.00882
  },
  "GG250703000061": {
    "name": "黄油可颂（6个/包）",
    "coef": 1.0,
    "weight": 2.0,
    "volume": 0.046248
  },
  "GG250812000106": {
    "name": "周转箱（宫小燕定制）",
    "coef": 1.0,
    "weight": 5.0,
    "volume": 0.044772
  },
  "GG251007000100": {
    "name": "红豆罐头定制款（12罐/箱）",
    "coef": 1.0,
    "weight": 4.0,
    "volume": 0.018228
  },
  "GG251010000325": {
    "name": "16ml燕窝套装（270瓶/箱）",
    "coef": 1.0,
    "weight": 19.0,
    "volume": 0.0628125
  },
  "GG251016000772": {
    "name": "枸杞（0.5kg/包)",
    "coef": 1.2,
    "weight": 7.5,
    "volume": 0.050286
  },
  "GG251030000047": {
    "name": "新希望双喜纯牛奶（12盒/箱）",
    "coef": 1.0,
    "weight": 12.0,
    "volume": 0.015375
  },
  "GG251101000077": {
    "name": "银色勺子湿巾套装（1000个/箱）",
    "coef": 2.0,
    "weight": 27.5,
    "volume": 0.04536
  },
  "GG251128000022": {
    "name": "银色勺子（1000个/包）",
    "coef": 1.2,
    "weight": 25.0,
    "volume": 0.003249
  },
  "GG251211000073": {
    "name": "16ml冰鲜燕窝(270盒/箱)",
    "coef": 1.0,
    "weight": 1.1,
    "volume": 0.026796
  },
  "GG251211000042": {
    "name": "16ml燕窝瓶(带瓶盖)（270个/箱）",
    "coef": 1.2,
    "weight": 19.0,
    "volume": 0.0628125
  }
}